journal,priority_zaki,priority_anoop,papers,publisher,
Journal_of_Alloys_and_Compounds,1,,66829,elsevier,
Science_of_The_Total_Environment,1,,59490,elsevier,
Applied_Surface_Science,1,,51627,elsevier,
Chemical_Engineering_Journal,1,,42530,elsevier,
Environmental_Science_and_Pollution_Research,2,,40584,springer,
International_Journal_of_Hydrogen_Energy,1,,39913,elsevier,
Journal_of_Biological_Chemistry,2,,39370,elsevier,
Ceramics_International,1,,37643,elsevier,
Journal_of_Cleaner_Production,1,,37118,elsevier,
Chemosphere,1,,36689,elsevier,
Electrochimica_Acta,1,,34396,elsevier,
Food_Chemistry,2,,33565,elsevier,
"Nuclear_Instruments_and_Methods_in_Physics_Research_Section_A:_Accelerators,_Spectrometers,_Detectors_and_Associated_Equipment",1,,32843,elsevier,
Materials_Science_and_Engineering:_A,1,,32692,elsevier,
Materials_Letters,1,,32352,elsevier,
Construction_and_Building_Materials,1,,32032,elsevier,
Materials_Today:_Proceedings,1,,29214,elsevier,
Chemical_Physics_Letters,1,,29134,elsevier,
Journal_of_Power_Sources,1,,29025,elsevier,
Journal_of_Magnetism_and_Magnetic_Materials,1,,28963,elsevier,
Sensors_and_Actuators_B:_Chemical,1,,28918,elsevier,
Thin_Solid_Films,1,,28717,elsevier,
Journal_of_Hazardous_Materials,1,,28079,elsevier,
Energy,1,,27850,elsevier,
Fuel,1,,27139,elsevier,
Journal_of_Chromatography_A,2,,27108,elsevier,
Physica_B:_Condensed_Matter,1,,25837,elsevier,
Physics_Letters_B,1,,25275,elsevier,
Journal_of_Molecular_Structure,1,,25108,elsevier,
Journal_of_Colloid_and_Interface_Science,1,,23735,elsevier,
Optics_Communications,1,,22853,elsevier,
Surface_and_Coatings_Technology,1,,22848,elsevier,
Journal_of_Materials_Science:_Materials_in_Electronics,1,,22554,springer,
Colloids_and_Surfaces_A:_Physicochemical_and_Engineering_Aspects,1,,22445,elsevier,
Polymer,1,,22402,elsevier,
International_Journal_of_Heat_and_Mass_Transfer,2,,21697,elsevier,
Journal_of_Crystal_Growth,1,,21330,elsevier,
Physica_A:_Statistical_Mechanics_and_its_Applications,2,,21267,elsevier,
Applied_Mathematics_and_Computation,2,,20809,elsevier,
Nuclear_Instruments_and_Methods_in_Physics_Research_Section_B:_Beam_Interactions_with_Materials_and_Atoms,1,,20658,elsevier,
Environmental_Pollution,2,,20507,elsevier,
Journal_of_Molecular_Liquids,1,,20506,elsevier,
Applied_Thermal_Engineering,1,,20484,elsevier,
Spectrochimica_Acta_Part_A:_Molecular_and_Biomolecular_Spectroscopy,2,,20393,elsevier,
Applied_Energy,1,,19899,elsevier,
Materials_Chemistry_and_Physics,1,,19552,elsevier,
Optik,1,,19392,elsevier,
Journal_of_Materials_Science,1,,19030,springer,
Physics_Letters_A,1,,18975,elsevier,
Carbohydrate_Polymers,2,,18858,elsevier,
Renewable_Energy,1,,18200,elsevier,
International_Journal_of_Pharmaceutics,2,,17666,elsevier,
Journal_of_Membrane_Science,1,,17334,elsevier,
Carbon,1,,16998,elsevier,
Separation_and_Purification_Technology,1,,16810,elsevier,
Journal_of_Non-Crystalline_Solids,1,,16423,elsevier,
Journal_of_Nuclear_Materials,1,,15976,elsevier,
Acta_Materialia,1,,15938,elsevier,
Energy_Conversion_and_Management,3,,15906,elsevier,
Chemical_Engineering_Science,1,,15894,elsevier,
Biomaterials,2,,15810,elsevier,
Analytical_and_Bioanalytical_Chemistry,2,,15265,springer,
Composite_Structures,1,,15227,elsevier,
Engineering_Structures,2,,15124,elsevier,
Applied_Catalysis_B:_Environmental,1,,14239,elsevier,
Inorganica_Chimica_Acta,1,,14106,elsevier,
Powder_Technology,1,,14027,elsevier,
Journal_of_Materials_Processing_Technology,1,,13829,elsevier,
Journal_of_the_European_Ceramic_Society,1,,13602,elsevier,
Journal_of_Luminescence,1,,13566,elsevier,
Journal_of_Electroanalytical_Chemistry,1,,13529,elsevier,
Journal_of_Organometallic_Chemistry,1,,13505,elsevier,
Surface_Science,1,,13454,elsevier,
Scripta_Materialia,1,,13303,elsevier,
Renewable_and_Sustainable_Energy_Reviews,1,,13039,elsevier,
Optical_Materials,1,,12872,elsevier,
European_Journal_of_Medicinal_Chemistry,2,,12842,elsevier,
Fusion_Engineering_and_Design,1,,12691,elsevier,
Measurement,2,,12606,elsevier,
Catalysis_Today,1,,12557,elsevier,
Energy_Policy,2,,12480,elsevier,
Environmental_Research,2,,12312,elsevier,
Applied_Catalysis_A:_General,1,,12139,elsevier,
Sensors_and_Actuators_A:_Physical,1,,12043,elsevier,
Microporous_and_Mesoporous_Materials,1,,11782,elsevier,
Materials_Science_and_Engineering:_C,1,,11757,elsevier,
Colloids_and_Surfaces_B:_Biointerfaces,2,,11678,elsevier,
Food_Research_International,3,,11663,elsevier,
Geochimica_et_Cosmochimica_Acta,1,,11626,elsevier,
Journal_of_Sound_and_Vibration,2,,11549,elsevier,
Energy_and_Buildings,2,,11534,elsevier,
Journal_of_Environmental_Chemical_Engineering,1,,11436,elsevier,
Journal_of_Computational_and_Applied_Mathematics,2,,11351,elsevier,
Solar_Energy,1,,11311,elsevier,
Journal_of_Computational_Physics,1,,11226,elsevier,
Computational_Materials_Science,1,,11154,elsevier,
Journal_of_Chromatography_B,1,,11142,elsevier,
Food_and_Chemical_Toxicology,3,,11056,elsevier,
Inorganic_Chemistry_Communications,1,,10949,elsevier,
Materials_Research_Bulletin,1,,10935,elsevier,
Physica_E:_Low-dimensional_Systems_and_Nanostructures,1,,10842,elsevier,
Journal_of_Solid_State_Chemistry,1,,10841,elsevier,
Advances_in_Space_Research,1,,10756,elsevier,
Vacuum,1,,10608,elsevier,
European_Polymer_Journal,1,,10495,elsevier,
Solid_State_Communications,1,,10382,elsevier,
Corrosion_Science,1,,10215,elsevier,
Solar_Energy_Materials_and_Solar_Cells,1,,10099,elsevier,
Journal_of_Biomechanics,2,,10085,elsevier,
Dyes_and_Pigments,2,,9957,elsevier,
Journal_of_Materials_Engineering_and_Performance,1,,9918,springer,
Composites_Part_B:_Engineering,1,,9898,elsevier,
Journal_of_Petroleum_Science_and_Engineering,1,,9848,elsevier,
Materials_Science_and_Engineering:_B,1,,9805,elsevier,
Journal_of_Physics_and_Chemistry_of_Solids,1,,9797,elsevier,
Building_and_Environment,3,,9737,elsevier,
Applied_Soft_Computing,3,,9618,elsevier,
Journal_of_Thermal_Analysis_and_Calorimetry,2,,9571,springer,
Solid_State_Ionics,1,,9548,elsevier,
Nuclear_Engineering_and_Design,1,,9500,elsevier,
International_Journal_of_Solids_and_Structures,2,,9465,elsevier,
Computer_Methods_in_Applied_Mechanics_and_Engineering,2,,9326,elsevier,
Wear,1,,9307,elsevier,
Radiation_Physics_and_Chemistry,1,,9276,elsevier,
Journal_of_Radioanalytical_and_Nuclear_Chemistry,1,,9197,springer,
Applied_Radiation_and_Isotopes,1,,9179,elsevier,
Journal_of_Photochemistry_and_Photobiology_A:_Chemistry,2,,9158,elsevier,
Applied_Mathematical_Modelling,2,,9129,elsevier,
Microchemical_Journal,2,,9092,elsevier,
The_International_Journal_of_Advanced_Manufacturing_Technology,1,,8986,springer,
Diamond_and_Related_Materials,1,,8980,elsevier,
Chinese_Chemical_Letters,1,,8916,elsevier,
Journal_of_Energy_Storage,1,,8882,elsevier,
Annals_of_Nuclear_Energy,1,,8858,elsevier,
Forensic_Science_International,2,,8843,elsevier,
Journal_of_Food_Engineering,3,,8791,elsevier,
Acta_Biomaterialia,2,,8785,elsevier,
Nonlinear_Dynamics,2,,8718,springer,
Nuclear_Physics_B,1,,8682,elsevier,
Food_Hydrocolloids,3,,8671,elsevier,
Mechanical_Systems_and_Signal_Processing,2,,8494,elsevier,
Fluid_Phase_Equilibria,2,,8459,elsevier,
Composites_Science_and_Technology,1,,8435,elsevier,
Chemical_Physics,1,,8401,elsevier,
Nano_Energy,1,,8401,elsevier,
Neuropharmacology,2,,8287,elsevier,
Acta_Astronautica,1,,8265,elsevier,
Waste_Management,2,,8233,elsevier,
Metallurgical_and_Materials_Transactions_A,1,,8198,springer,
Tribology_International,1,,8139,elsevier,
Remote_Sensing_of_Environment,2,,8100,elsevier,
Thermochimica_Acta,1,,8085,elsevier,
Phytochemistry,1,,8038,elsevier,
Journal_of_Building_Engineering,2,,8012,elsevier,
Synthetic_Metals,1,,7963,elsevier,
International_Journal_of_Food_Microbiology,3,,7807,elsevier,
Materials_Characterization,1,,7763,elsevier,
Engineering_Fracture_Mechanics,2,,7748,elsevier,
Chemical_Geology,1,,7736,elsevier,
Journal_of_Molecular_Catalysis_A:_Chemical,1,,7720,elsevier,
Soil_Biology_and_Biochemistry,2,,7656,elsevier,
Materials_Today_Communications,1,,7577,elsevier,
Combustion_and_Flame,1,,7515,elsevier,
Toxicology_Letters,2,,7424,elsevier,
Journal_of_Catalysis,1,,7418,elsevier,
Physica_C:_Superconductivity,1,,7289,elsevier,
International_Journal_of_Mechanical_Sciences,2,,7256,elsevier,
Materials_Science_in_Semiconductor_Processing,1,,7214,elsevier,
Polymer_Degradation_and_Stability,1,,7177,elsevier,
Thin-Walled_Structures,2,,7161,elsevier,
Electrochemistry_Communications,1,,7139,elsevier,
Journal_of_Quantitative_Spectroscopy_and_Radiative_Transfer,1,,7058,elsevier,
Engineering_Failure_Analysis,2,,7057,elsevier,
Journal_of_Industrial_and_Engineering_Chemistry,1,,7050,elsevier,
International_Journal_of_Fatigue,2,,7014,elsevier,
Desalination,2,,6959,elsevier,
Composites_Part_A:_Applied_Science_and_Manufacturing,2,,6893,elsevier,
Communications_in_Nonlinear_Science_and_Numerical_Simulation,2,,6791,elsevier,
Solid-State_Electronics,1,,6693,elsevier,
Applied_Biochemistry_and_Biotechnology,2,,6666,springer,
Progress_in_Organic_Coatings,2,,6645,elsevier,
Journal_of_Nanoparticle_Research,1,,6613,springer,
Journal_of_Molecular_Structure:_THEOCHEM,1,,6575,elsevier,
Psychopharmacology,3,,6566,springer,
Organic_Electronics,2,,6556,elsevier,
Catalysis_Communications,1,,6542,elsevier,
Cellulose,3,,6497,springer,
Peptides,3,,6364,elsevier,
Fuel_Processing_Technology,2,,6300,elsevier,
Archives_of_Biochemistry_and_Biophysics,2,,6252,elsevier,
Toxicology_and_Applied_Pharmacology,2,,6211,elsevier,
Microchimica_Acta,1,,6059,springer,
Toxicon,2,,6052,elsevier,
Journal_of_Constructional_Steel_Research,2,,6042,elsevier,
Applied_Clay_Science,2,,6030,elsevier,
Toxicology,2,,5991,elsevier,
Biological_Trace_Element_Research,2,,5982,springer,
Chemico-Biological_Interactions,2,,5946,elsevier,
Drug_Discovery_Today,2,,5919,elsevier,
Nutrition,3,,5873,elsevier,
Archives_of_Virology,2,,5849,springer,
Aerospace_Science_and_Technology,1,,5847,elsevier,
Ultrasonics_Sonochemistry,1,,5808,elsevier,
Journal_of_Solid_State_Electrochemistry,1,,5806,springer,
Current_Applied_Physics,1,,5792,elsevier,
Applied_Mathematics_Letters,2,,5789,elsevier,
Atmospheric_Research,2,,5781,elsevier,
Minerals_Engineering,1,,5759,elsevier,
Cement_and_Concrete_Research,1,,5754,elsevier,
Journal_of_Molecular_Modeling,1,,5750,springer,
Journal_of_Food_Science_and_Technology,3,,5732,springer,
Superlattices_and_Microstructures,1,,5723,elsevier,
Marine_and_Petroleum_Geology,1,,5673,elsevier,
The_Journal_of_Chemical_Thermodynamics,1,,5668,elsevier,
Journal_of_the_Mechanical_Behavior_of_Biomedical_Materials,2,,5631,elsevier,
Microsystem_Technologies,2,,5628,springer,
Chemical_Engineering_Research_and_Design,2,,5605,elsevier,
Polymer_Testing,1,,5588,elsevier,
Energy_Economics,3,,5586,elsevier,
Structures,3,,5585,elsevier,
Intermetallics,1,,5552,elsevier,
Catalysis_Letters,1,,5437,springer,
International_Journal_of_Refrigeration,1,,5416,elsevier,
Journal_of_Differential_Equations,2,,5385,elsevier,
Computer_Physics_Communications,1,,5356,elsevier,
International_Journal_of_Mass_Spectrometry,1,,5311,elsevier,
Journal_of_Superconductivity_and_Novel_Magnetism,1,,5290,springer,
International_Communications_in_Heat_and_Mass_Transfer,1,,5276,elsevier,
Ionics,1,,5259,springer,
International_Journal_of_Thermal_Sciences,1,,5210,elsevier,
Solid_State_Sciences,1,,5207,elsevier,
Coordination_Chemistry_Reviews,1,,5157,elsevier,
Optics_and_Lasers_in_Engineering,1,,5141,elsevier,
Biomass_Conversion_and_Biorefinery,3,,5138,springer,
Research_on_Chemical_Intermediates,2,,5126,springer,
"Environment,_Development_and_Sustainability",2,,5100,springer,
Engineering_Geology,1,,5092,elsevier,
The_Journal_of_Supercritical_Fluids,1,,5028,elsevier,
Polymer_Bulletin,1,,5023,springer,
Journal_of_Manufacturing_Processes,1,,4984,elsevier,
Applied_Geochemistry,1,,4949,elsevier,
Field_Crops_Research,3,,4944,elsevier,
Journal_of_the_Taiwan_Institute_of_Chemical_Engineers,3,,4944,elsevier,
Sustainable_Cities_and_Society,3,,4912,elsevier,
Journal_of_Analytical_and_Applied_Pyrolysis,1,,4852,elsevier,
The_Journal_of_Steroid_Biochemistry_and_Molecular_Biology,2,,4834,elsevier,
JOM,1,,4802,springer,
Physica_D:_Nonlinear_Phenomena,2,,4799,elsevier,
Toxicology_in_Vitro,2,,4794,elsevier,
Journal_of_Environmental_Radioactivity,1,,4794,elsevier,
Bulletin_of_Environmental_Contamination_and_Toxicology,2,,4756,springer,
Journal_of_Sol-Gel_Science_and_Technology,1,,4742,springer,
Proceedings_of_the_Combustion_Institute,1,,4699,elsevier,
Neurochemistry_International,1,,4636,elsevier,
Journal_of_Polymer_Research,1,,4630,springer,
Experimental_Thermal_and_Fluid_Science,1,,4629,elsevier,
Journal_of_the_Brazilian_Society_of_Mechanical_Sciences_and_Engineering,1,,4542,springer,
AEU_-_International_Journal_of_Electronics_and_Communications,1,,4521,elsevier,
Journal_of_Water_Process_Engineering,2,,4518,elsevier,
Journal_of_Archaeological_Science,2,,4515,elsevier,
International_Journal_of_Theoretical_Physics,2,,4494,springer,
Journal_of_Magnetic_Resonance,1,,4486,elsevier,
European_Food_Research_and_Technology,3,,4449,springer,
Automation_in_Construction,2,,4439,elsevier,
Journal_of_Photochemistry_and_Photobiology_B:_Biology,2,,4436,elsevier,
Journal_of_Natural_Gas_Science_and_Engineering,3,,4428,elsevier,
TrAC_Trends_in_Analytical_Chemistry,1,,4382,elsevier,
Computational_and_Theoretical_Chemistry,2,,4329,elsevier,
Ultrasonics,1,,4307,elsevier,
Journal_of_Fluorine_Chemistry,1,,4294,elsevier,
Spectrochimica_Acta_Part_B:_Atomic_Spectroscopy,1,,4292,elsevier,
Journal_of_Food_Composition_and_Analysis,3,,4287,elsevier,
Journal_of_the_Mechanics_and_Physics_of_Solids,2,,4283,elsevier,
Ultramicroscopy,1,,4281,elsevier,
Hydrometallurgy,1,,4278,elsevier,
Clinical_Biomechanics,2,,4244,elsevier,
Marine_Geology,2,,4236,elsevier,
Chromatographia,1,,4205,springer,
Planetary_and_Space_Science,1,,4202,elsevier,
Cement_and_Concrete_Composites,1,,4177,elsevier,
Dental_Materials,1,,4165,elsevier,
International_Journal_of_Rock_Mechanics_and_Mining_Sciences,2,,4107,elsevier,
Journal_of_South_American_Earth_Sciences,3,,4086,elsevier,
Reactive_and_Functional_Polymers,1,,4039,elsevier,
Advanced_Powder_Technology,1,,3961,elsevier,
Annals_of_Physics,2,,3958,elsevier,
Metallurgical_and_Materials_Transactions_B,1,,3955,springer,
International_Journal_of_Disaster_Risk_Reduction,3,,3894,elsevier,
Journal_of_Inorganic_and_Organometallic_Polymers_and_Materials,1,,3892,springer,
Advanced_Drug_Delivery_Reviews,2,,3869,elsevier,
Colloid_and_Polymer_Science,1,,3838,springer,
Experiments_in_Fluids,2,,3832,springer,
Journal_of_Structural_Geology,2,,3821,elsevier,
International_Journal_of_Refractory_Metals_and_Hard_Materials,1,,3819,elsevier,
Environmental_Toxicology_and_Pharmacology,2,,3794,elsevier,
Journal_of_Electron_Spectroscopy_and_Related_Phenomena,1,,3743,elsevier,
Journal_of_Energy_Chemistry,1,,3715,elsevier,
Journal_of_Loss_Prevention_in_the_Process_Industries,1,,3652,elsevier,
Progress_in_Nuclear_Energy,1,,3649,elsevier,
Chemometrics_and_Intelligent_Laboratory_Systems,1,,3642,elsevier,
International_Journal_of_Multiphase_Flow,1,,3641,elsevier,
Archives_of_Toxicology,2,,3639,springer,
International_Journal_of_Drug_Policy,2,,3613,elsevier,
Rock_Mechanics_and_Rock_Engineering,2,,3612,springer,
Journal_of_Drug_Delivery_Science_and_Technology,2,,3603,elsevier,
International_Journal_of_Impact_Engineering,2,,3571,elsevier,
Journal_of_Environmental_Sciences,2,,3546,elsevier,
Food_Analytical_Methods,3,,3519,springer,
Sedimentary_Geology,2,,3492,elsevier,
Applied_Ergonomics,2,,3485,elsevier,
Heat_and_Mass_Transfer,2,,3481,springer,
Additive_Manufacturing,1,,3468,elsevier,
International_Journal_of_Non-Linear_Mechanics,2,,3439,elsevier,
Mechanics_of_Materials,2,,3418,elsevier,
Molecular_Catalysis,1,,3409,elsevier,
Surfaces_and_Interfaces,1,,3394,elsevier,
Food_Quality_and_Preference,3,,3378,elsevier,
European_Journal_of_Nutrition,3,,3377,springer,
Organic_Geochemistry,2,,3321,elsevier,
Amino_Acids,3,,3314,springer,
Journal_of_Molecular_Graphics_and_Modelling,1,,3279,elsevier,
Sustainable_Energy_Technologies_and_Assessments,1,,3257,elsevier,
Food_and_Bioprocess_Technology,3,,3254,springer,
Structural_Chemistry,1,,3225,springer,
Structural_and_Multidisciplinary_Optimization,2,,3188,springer,
Physica_Medica,2,,3173,elsevier,
Theoretical_and_Applied_Fracture_Mechanics,2,,3163,elsevier,
Food_Bioscience,3,,3147,elsevier,
International_Journal_of_Machine_Tools_and_Manufacture,2,,3130,elsevier,
Plasmonics,1,,3126,springer,
Monatshefte_für_Chemie_-_Chemical_Monthly,3,,3096,springer,
International_Journal_of_Plasticity,1,,3093,elsevier,
Transactions_of_the_Indian_Institute_of_Metals,1,,3080,springer,
Energy_Storage_Materials,1,,3052,elsevier,
Chinese_Journal_of_Chemical_Engineering,1,,3023,elsevier,
Materials_and_Structures,1,,3019,springer,
Science_Bulletin,3,,3011,elsevier,
Journal_of_Structural_Biology,2,,2990,elsevier,
Indian_Journal_of_Physics,2,,2988,springer,
Journal_of_Cereal_Science,3,,2975,elsevier,
International_Journal_of_Coal_Geology,2,,2954,elsevier,
Cryogenics,1,,2950,elsevier,
Journal_of_Non-Newtonian_Fluid_Mechanics,2,,2946,elsevier,
International_Journal_of_Adhesion_and_Adhesives,1,,2945,elsevier,
Bioprocess_and_Biosystems_Engineering,2,,2941,springer,
NeuroToxicology,2,,2932,elsevier,
International_Journal_of_Engineering_Science,2,,2931,elsevier,
International_Journal_of_Pressure_Vessels_and_Piping,2,,2917,elsevier,
International_Journal_of_Heat_and_Fluid_Flow,2,,2915,elsevier,
Journal_of_Molecular_Spectroscopy,1,,2910,elsevier,
Journal_of_Fluids_and_Structures,2,,2893,elsevier,
Journal_of_the_Iranian_Chemical_Society,1,,2891,springer,
Journal_of_Process_Control,1,,2879,elsevier,
Topics_in_Catalysis,1,,2871,springer,
Vibrational_Spectroscopy,1,,2828,elsevier,
Journal_of_Applied_Electrochemistry,1,,2813,springer,
Applied_Nanoscience,1,,2803,springer,
Journal_of_Failure_Analysis_and_Prevention,2,,2787,springer,
Chemistry_of_Heterocyclic_Compounds,1,,2785,springer,
Tribology_Letters,1,,2773,springer,
Nutrition_Research,3,,2771,elsevier,
Advances_in_Engineering_Software,2,,2738,elsevier,
Phytochemistry_Letters,1,,2705,elsevier,
Optical_Fiber_Technology,1,,2693,elsevier,
Ecotoxicology,2,,2689,springer,
Journal_of_Thermal_Spray_Technology,2,,2678,springer,
Clean_Technologies_and_Environmental_Policy,2,,2666,springer,
Microfluidics_and_Nanofluidics,1,,2653,springer,
Medical_Image_Analysis,2,,2643,elsevier,
Case_Studies_in_Construction_Materials,1,,2629,elsevier,
Current_Opinion_in_Immunology,2,,2620,elsevier,
Journal_of_Aerosol_Science,1,,2600,elsevier,
Bioelectrochemistry,2,,2593,elsevier,
Computer-Aided_Design,2,,2585,elsevier,
"Nanomedicine:_Nanotechnology,_Biology_and_Medicine",2,,2580,elsevier,
Journal_of_Low_Temperature_Physics,1,,2571,springer,
Physica_C:_Superconductivity_and_its_Applications,1,,2554,elsevier,
Theoretical_Chemistry_Accounts,1,,2538,springer,
Measurement_Techniques,1,,2535,springer,
Bulletin_of_Materials_Science,1,,2529,springer,
Fire_Safety_Journal,1,,2495,elsevier,
Journal_of_Cultural_Heritage,2,,2478,elsevier,
Parasitology_International,3,,2471,elsevier,
Rare_Metals,1,,2466,springer,
Journal_of_Cluster_Science,1,,2457,springer,
International_Journal_of_Industrial_Ergonomics,2,,2456,elsevier,
"Reaction_Kinetics,_Mechanisms_and_Catalysis",1,,2436,springer,
Marine_Chemistry,2,,2409,elsevier,
Chinese_Journal_of_Catalysis,1,,2406,elsevier,
Russian_Journal_of_Physical_Chemistry_A,1,,2377,springer,
Mechatronics,1,,2375,elsevier,
Current_Opinion_in_Chemical_Biology,2,,2368,elsevier,
Journal_of_Porous_Materials,1,,2357,springer,
Chemistry_and_Physics_of_Lipids,3,,2348,elsevier,
Computers_in_Industry,2,,2347,elsevier,
Journal_of_CO2_Utilization,1,,2323,elsevier,
Chinese_Journal_of_Physics,1,,2290,elsevier,
Pramana,2,,2289,springer,
Solar_Physics,1,,2288,springer,
Journal_of_Electrostatics,1,,2230,elsevier,
Advances_in_Colloid_and_Interface_Science,1,,2215,elsevier,
Journal_of_Electronic_Materials,1,,2211,springer,
Journal_of_Trace_Elements_in_Medicine_and_Biology,2,,2207,elsevier,
Meccanica,1,,2198,springer,
Simulation_Modelling_Practice_and_Theory,2,,2179,elsevier,
Mechanics_Research_Communications,1,,2157,elsevier,
Metallurgist,1,,2129,springer,
Chemical_Engineering_and_Processing_-_Process_Intensification,1,,2104,elsevier,
Acta_Geotechnica,1,,2103,springer,
Contributions_to_Mineralogy_and_Petrology,1,,2093,springer,
Atmospheric_Pollution_Research,3,,2089,elsevier,
International_Journal_of_System_Assurance_Engineering_and_Management,3,,2074,springer,
Journal_of_Polymers_and_the_Environment,2,,2040,springer,
Journal_of_Inclusion_Phenomena_and_Macrocyclic_Chemistry,2,,2033,springer,
Biogeochemistry,2,,2030,springer,
Journal_of_Phase_Equilibria_and_Diffusion,1,,2023,springer,
Computational_Biology_and_Chemistry,2,,2022,elsevier,
Molecular_Biotechnology,2,,2014,springer,
Food_Policy,3,,2007,elsevier,
Advanced_Engineering_Informatics,2,,2005,elsevier,
Thermal_Science_and_Engineering_Progress,1,,1999,elsevier,
Experimental_Mechanics,2,,1987,springer,
Astroparticle_Physics,2,,1981,elsevier,
Nuclear_Physics_A,1,,1972,elsevier,
Journal_of_Chemical_Crystallography,1,,1959,springer,
Applied_Numerical_Mathematics,2,,1955,elsevier,
International_Journal_of_Thermophysics,1,,1928,springer,
Chemical_and_Petroleum_Engineering,1,,1911,springer,
Applied_Materials_Today,1,,1906,elsevier,
Journal_of_Chemical_Sciences,1,,1901,springer,
Nitric_Oxide,1,,1885,elsevier,
Journal_of_Material_Cycles_and_Waste_Management,2,,1844,springer,
Journal_of_Coatings_Technology_and_Research,1,,1841,springer,
Sādhanā,2,,1839,springer,
Materialia,1,,1831,elsevier,
Particuology,1,,1809,elsevier,
Biology_and_Fertility_of_Soils,2,,1794,springer,
Materials_Today,1,,1788,elsevier,
Materials_Today_Chemistry,1,,1773,elsevier,
Calphad,1,,1773,elsevier,
Neurotoxicology_and_Teratology,2,,1754,elsevier,
General_Relativity_and_Gravitation,2,,1734,springer,
Journal_of_Computational_Science,2,,1692,elsevier,
Finite_Elements_in_Analysis_and_Design,2,,1691,elsevier,
Bulletin_of_Volcanology,2,,1687,springer,
Chemical_Papers,1,,1682,springer,
Urban_Climate,2,,1678,elsevier,
Environmental_Chemistry_Letters,2,,1676,springer,
Food_and_Bioproducts_Processing,3,,1666,elsevier,
Physical_Communication,2,,1643,elsevier,
Biomedical_Microdevices,2,,1626,springer,
Journal_of_Pharmacological_and_Toxicological_Methods,2,,1623,elsevier,
Welding_in_the_World,1,,1617,springer,
European_Journal_of_Wood_and_Wood_Products,2,,1607,springer,
Acta_Metallurgica_Sinica_(English_Letters),1,,1604,springer,
Journal_of_Chemical_Neuroanatomy,2,,1603,elsevier,
Computational_Mechanics,2,,1590,springer,
Accreditation_and_Quality_Assurance,3,,1565,springer,
Journal_of_Manufacturing_Systems,1,,1561,elsevier,
Transition_Metal_Chemistry,1,,1559,springer,
Cytotechnology,2,,1555,springer,
Metal_Science_and_Heat_Treatment,1,,1548,springer,
Journal_of_Solution_Chemistry,1,,1545,springer,
Metals_and_Materials_International,1,,1542,springer,
Composites_Communications,1,,1539,elsevier,
Physics_Reports,1,,1536,elsevier,
Wood_Science_and_Technology,2,,1522,springer,
Archive_of_Applied_Mechanics,2,,1518,springer,
BioMetals,2,,1508,springer,
Journal_of_Molecular_Evolution,1,,1505,springer,
Fire_Technology,2,,1496,springer,
Nano_Today,1,,1485,elsevier,
Sustainable_Production_and_Consumption,2,,1484,elsevier,
European_Journal_of_Soil_Biology,2,,1479,elsevier,
Russian_Journal_of_General_Chemistry,1,,1479,springer,
Journal_of_Computer-Aided_Molecular_Design,1,,1478,springer,
Journal_of_Rare_Earths,1,,1471,elsevier,
Drug_Delivery_and_Translational_Research,2,,1464,springer,
Refractories_and_Industrial_Ceramics,1,,1463,springer,
Chemistry_and_Technology_of_Fuels_and_Oils,2,,1433,springer,
Rheologica_Acta,1,,1432,springer,
Journal_of_Mathematical_Chemistry,2,,1414,springer,
Sustainability_Science,2,,1405,springer,
Journal_of_Optics,1,,1403,springer,
Geotextiles_and_Geomembranes,1,,1399,elsevier,
Materials_Science,1,,1394,springer,
Materials_Today_Energy,1,,1391,elsevier,
Journal_of_the_Energy_Institute,1,,1391,elsevier,
Food_Science_and_Biotechnology,3,,1389,springer,
Plasma_Chemistry_and_Plasma_Processing,2,,1380,springer,
Brazilian_Journal_of_Physics,1,,1373,springer,
Acta_Mechanica,1,,1371,springer,
Metal_Powder_Report,1,,1369,elsevier,
Journal_of_Fusion_Energy,1,,1367,springer,
Biomechanics_and_Modeling_in_Mechanobiology,2,,1349,springer,
Nuclear_Science_and_Techniques,1,,1342,springer,
"Iranian_Journal_of_Science_and_Technology,_Transactions_A:_Science",1,,1339,springer,
Journal_of_Electroceramics,1,,1329,springer,
National_Academy_Science_Letters,1,,1323,springer,
Russian_Metallurgy_(Metally),1,,1323,springer,
Energy_for_Sustainable_Development,3,,1314,elsevier,
Journal_of_Biomolecular_NMR,2,,1306,springer,
Strength_of_Materials,2,,1303,springer,
Physics_and_Chemistry_of_Minerals,1,,1277,springer,
"Iranian_Journal_of_Science_and_Technology,_Transactions_of_Civil_Engineering",2,,1272,springer,
Current_Opinion_in_Environmental_Sustainability,3,,1264,elsevier,
The_Extractive_Industries_and_Society,3,,1261,elsevier,
Extreme_Mechanics_Letters,2,,1260,elsevier,
Current_Opinion_in_Electrochemistry,1,,1258,elsevier,
Fibre_Chemistry,3,,1253,springer,
Probabilistic_Engineering_Mechanics,2,,1242,elsevier,
Iranian_Polymer_Journal,2,,1242,springer,
BioNanoScience,2,,1240,springer,
Glass_and_Ceramics,1,,1239,springer,
World_Patent_Information,2,,1230,elsevier,
Reinforced_Plastics,1,,1221,elsevier,
Physics_of_the_Solid_State,1,,1219,springer,
Current_Opinion_in_Virology,3,,1218,elsevier,
Mineralium_Deposita,2,,1214,springer,
Food_Packaging_and_Shelf_Life,3,,1199,elsevier,
International_Journal_of_Metalcasting,1,,1193,springer,
Probiotics_and_Antimicrobial_Proteins,2,,1187,springer,
Finite_Fields_and_Their_Applications,2,,1174,elsevier,
Sustainable_Chemistry_and_Pharmacy,1,,1174,elsevier,
Semiconductors,1,,1168,springer,
Progress_in_Polymer_Science,1,,1163,elsevier,
Biomolecular_NMR_Assignments,2,,1156,springer,
Energy_Efficiency,1,,1152,springer,
Applied_Composite_Materials,1,,1148,springer,
Russian_Journal_of_Inorganic_Chemistry,1,,1140,springer,
Oxidation_of_Metals,1,,1120,springer,
Plant_Foods_for_Human_Nutrition,3,,1120,springer,
Foundations_of_Physics,2,,1112,springer,
Powder_Metallurgy_and_Metal_Ceramics,1,,1091,springer,
Renewable_Energy_Focus,3,,1087,elsevier,
Materials_Today_Physics,1,,1087,elsevier,
Journal_of_Electronic_Testing,1,,1086,springer,
Precision_Agriculture,3,,1079,springer,
Chemical_Data_Collections,2,,1075,elsevier,
Journal_of_the_Indian_Chemical_Society,1,,1071,elsevier,
Solid_State_Nuclear_Magnetic_Resonance,1,,1061,elsevier,
Remote_Sensing_Applications:_Society_and_Environment,2,,1061,elsevier,
Radiation_and_Environmental_Biophysics,2,,1040,springer,
Energy_Strategy_Reviews,1,,1037,elsevier,
Adsorption,1,,1035,springer,
Physics_of_the_Dark_Universe,1,,1035,elsevier,
Russian_Journal_of_Organic_Chemistry,1,,1028,springer,
Journal_of_Analytical_Chemistry,1,,1025,springer,
The_Journal_of_Membrane_Biology,2,,1020,springer,
"Metallography,_Microstructure,_and_Analysis",1,,1019,springer,
Zeitschrift_für_angewandte_Mathematik_und_Physik,1,,1014,springer,
Technical_Physics,1,,1010,springer,
Photonics_and_Nanostructures_-_Fundamentals_and_Applications,1,,1006,elsevier,
Inorganic_Materials,1,,997,springer,
Technical_Physics_Letters,1,,996,springer,
Journal_of_The_Institution_of_Engineers_(India):_Series_C,1,,993,springer,
Granular_Matter,1,,984,springer,
Journal_of_Experimental_and_Theoretical_Physics,1,,980,springer,
Current_Opinion_in_Food_Science,3,,971,elsevier,
Sustainable_Water_Resources_Management,2,,970,springer,
Journal_of_the_Australian_Ceramic_Society,1,,966,springer,
"Journal_of_Surface_Investigation:_X-ray,_Synchrotron_and_Neutron_Techniques",1,,961,springer,
Journal_of_Medical_Toxicology,2,,960,springer,
Inorganic_Materials:_Applied_Research,1,,960,springer,
Mechanics_of_Composite_Materials,1,,959,springer,
"Sustainable_Energy,_Grids_and_Networks",2,,938,elsevier,
Progress_in_Particle_and_Nuclear_Physics,1,,935,elsevier,
Optics_and_Spectroscopy,1,,932,springer,
Journal_of_The_Institution_of_Engineers_(India):_Series_B,1,,926,springer,
Artificial_Intelligence,2,,925,elsevier,
Mine_Water_and_the_Environment,1,,923,springer,
Crystallography_Reports,1,,919,springer,
Physics_of_Atomic_Nuclei,1,,914,springer,
International_Journal_of_Fracture,1,,911,springer,
International_Journal_of_Material_Forming,1,,908,springer,
International_Journal_of_Civil_Engineering,1,,901,springer,
International_Journal_of_Precision_Engineering_and_Manufacturing,1,,896,springer,
Geoheritage,1,,891,springer,
International_Journal_of_Mining_Science_and_Technology,1,,886,elsevier,
Journal_of_Nondestructive_Evaluation,1,,878,springer,
Carbonates_and_Evaporites,1,,873,springer,
Current_Opinion_in_Chemical_Engineering,1,,872,elsevier,
Phytochemistry_Reviews,1,,871,springer,
Russian_Journal_of_Physical_Chemistry_B,1,,851,springer,
Electrocatalysis,1,,851,springer,
High_Energy_Density_Physics,1,,847,elsevier,
Resource_and_Energy_Economics,1,,839,elsevier,
"Proceedings_of_the_National_Academy_of_Sciences,_India_Section_A:_Physical_Sciences",1,,837,springer,
Progress_in_Materials_Science,1,,828,elsevier,
Mineralogy_and_Petrology,1,,826,springer,
Current_Opinion_in_Solid_State_and_Materials_Science,1,,825,elsevier,
Geochemistry,1,,820,elsevier,
Indian_Geotechnical_Journal,1,,812,springer,
Food_Biophysics,3,,810,springer,
Protection_of_Metals_and_Physical_Chemistry_of_Surfaces,1,,808,springer,
Journal_of_Bio-_and_Tribo-Corrosion,2,,800,springer,
Petroleum_Chemistry,1,,799,springer,
Journal_of_Pharmaceutical_Innovation,2,,784,springer,
International_Journal_of_Steel_Structures,2,,782,springer,
Current_Opinion_in_Green_and_Sustainable_Chemistry,2,,780,elsevier,
Steel_in_Translation,2,,779,springer,
International_Journal_of_Gastronomy_and_Food_Science,3,,775,elsevier,
Manufacturing_Letters,1,,775,elsevier,
"Flow,_Turbulence_and_Combustion",1,,774,springer,
Advances_in_Applied_Mathematics,2,,769,elsevier,
Sustainable_Materials_and_Technologies,1,,765,elsevier,
Journal_of_Sustainable_Metallurgy,1,,764,springer,
Aerobiologia,2,,761,springer,
Journal_of_The_Institution_of_Engineers_(India):_Series_A,1,,757,springer,
NeuroMolecular_Medicine,2,,757,springer,
Instruments_and_Experimental_Techniques,1,,745,springer,
Sustainable_Computing:_Informatics_and_Systems,2,,740,elsevier,
Shock_Waves,2,,737,springer,
Annals_of_Pure_and_Applied_Logic,1,,734,elsevier,
Microgravity_Science_and_Technology,1,,734,springer,
Acta_Mechanica_Sinica,1,,727,springer,
Russian_Journal_of_Bioorganic_Chemistry,2,,715,springer,
"Iranian_Journal_of_Science_and_Technology,_Transactions_of_Mechanical_Engineering",1,,712,springer,
Journal_of_Structural_Chemistry,1,,690,springer,
Colloid_and_Interface_Science_Communications,1,,686,elsevier,
Applied_and_Computational_Harmonic_Analysis,1,,684,elsevier,
Computational_Particle_Mechanics,2,,683,springer,
Physics_of_Metals_and_Metallography,1,,682,springer,
Geomechanics_and_Geophysics_for_Geo-Energy_and_Geo-Resources,1,,679,springer,
Theoretical_Foundations_of_Chemical_Engineering,1,,679,springer,
Biophysics,2,,676,springer,
International_Journal_of_Mechanics_and_Materials_in_Design,1,,675,springer,
Journal_of_Elasticity,1,,672,springer,
Multibody_System_Dynamics,1,,670,springer,
Theoretical_and_Experimental_Chemistry,1,,670,springer,
IST_International_Surface_Technology,1,,667,springer,
Computational_Condensed_Matter,1,,665,elsevier,
Plasma_Physics_Reports,1,,662,springer,
Environmental_Processes,2,,654,springer,
"Iranian_Journal_of_Science_and_Technology,_Transactions_of_Electrical_Engineering",2,,648,springer,
Journal_of_Pharmaceutical_Investigation,2,,641,springer,
Computer_Aided_Geometric_Design,2,,620,elsevier,
Optical_Switching_and_Networking,2,,613,elsevier,
Russian_Journal_of_Applied_Chemistry,1,,609,springer,
Drug_Discovery_Today:_Technologies,2,,600,elsevier,
Materials_Today_Sustainability,1,,595,elsevier,
Energy_Systems,1,,595,springer,
Journal_of_The_Institution_of_Engineers_(India):_Series_D,1,,592,springer,
Mechanics_of_Solids,1,,581,springer,
Geochemistry_International,1,,569,springer,
Experimental_Techniques,1,,560,springer,
Journal_of_Biological_Physics,2,,558,springer,
Progress_in_Energy_and_Combustion_Science,2,,557,elsevier,
Russian_Journal_of_Electrochemistry,1,,548,springer,
Russian_Journal_of_Coordination_Chemistry,1,,545,springer,
Astronomy_and_Computing,2,,542,elsevier,
Progress_in_Additive_Manufacturing,1,,540,springer,
Parasitology_Today,2,,534,elsevier,
Thermal_Engineering,2,,531,springer,
Drug_Resistance_Updates,2,,524,elsevier,
High_Temperature,1,,522,springer,
Chemical_Engineering_and_Processing:_Process_Intensification,1,,512,elsevier,
Biochemistry_(Moscow),2,,508,springer,
International_Journal_of_Geosynthetics_and_Ground_Engineering,2,,503,springer,
Journal_of_Machinery_Manufacture_and_Reliability,2,,495,springer,
Atomic_Data_and_Nuclear_Data_Tables,1,,489,elsevier,
Drug_Metabolism_and_Pharmacokinetics,2,,488,elsevier,
Glass_Physics_and_Chemistry,1,,486,springer,
Mechanics_of_Time-Dependent_Materials,1,,485,springer,
Russian_Journal_of_Nondestructive_Testing,1,,481,springer,
Moscow_University_Physics_Bulletin,1,,475,springer,
Coke_and_Chemistry,1,,475,springer,
High_Energy_Chemistry,1,,474,springer,
Forensic_Chemistry,2,,469,elsevier,
NanoImpact,1,,468,elsevier,
Shape_Memory_and_Superelasticity,1,,466,springer,
Electronic_Materials_Letters,1,,465,springer,
FlatChem,1,,457,elsevier,
Advances_in_Manufacturing,1,,453,springer,
Progress_in_Nuclear_Magnetic_Resonance_Spectroscopy,1,,451,elsevier,
Journal_of_Applied_Mechanics_and_Technical_Physics,1,,446,springer,
Colloid_Journal,1,,443,springer,
Topics_in_Current_Chemistry,1,,440,springer,
The_Nucleus,1,,438,springer,
Sports_Engineering,3,,438,springer,
Acta_Mechanica_Solida_Sinica,1,,434,springer,
Journal_of_Bioenergetics_and_Biomembranes,2,,427,springer,
Kinetics_and_Catalysis,1,,427,springer,
Radiation_Detection_Technology_and_Methods,1,,425,springer,
Materials_Today_Nano,1,,425,elsevier,
Acoustical_Physics,2,,425,springer,
Theoretical_and_Mathematical_Physics,2,,423,springer,
Acta_Geodaetica_et_Geophysica,2,,422,springer,
Optik_-_International_Journal_for_Light_and_Electron_Optics,1,,415,elsevier,
Granular_Computing,1,,411,springer,
Aquatic_Geochemistry,2,,410,springer,
Journal_of_Friction_and_Wear,1,,406,springer,
Catalysis_Surveys_from_Asia,1,,405,springer,
Journal_of_Mathematical_Fluid_Mechanics,2,,402,springer,
Fibers_and_Polymers,1,,402,springer,
Journal_of_Atmospheric_Chemistry,2,,401,springer,
Journal_of_Dynamic_Behavior_of_Materials,1,,400,springer,
Russian_Journal_of_Non-Ferrous_Metals,1,,399,springer,
Journal_of_the_Indian_Institute_of_Science,1,,396,springer,
Fluid_Dynamics,1,,390,springer,
Filtration_+_Separation,1,,388,elsevier,
Journal_of_Space_Safety_Engineering,1,,385,elsevier,
Materials_Science_and_Engineering:_R:_Reports,1,,385,elsevier,
Surface_Engineering_and_Applied_Electrochemistry,1,,381,springer,
International_Journal_of_Critical_Infrastructure_Protection,1,,380,elsevier,
Education_for_Chemical_Engineers,1,,376,elsevier,
Current_Opinion_in_Toxicology,2,,374,elsevier,
Journal_of_Photochemistry_and_Photobiology_C:_Photochemistry_Reviews,2,,370,elsevier,
Geomechanics_for_Energy_and_the_Environment,2,,370,elsevier,
Applied_Solar_Energy,1,,367,springer,
Journal_of_Mining_Science,1,,362,springer,
Food_Engineering_Reviews,3,,360,springer,
Process_Integration_and_Optimization_for_Sustainability,2,,360,springer,
Forensic_Science_International:_Digital_Investigation,2,,352,elsevier,
Transactions_of_the_Indian_National_Academy_of_Engineering,2,,352,springer,
International_Journal_of_Inorganic_Materials,1,,348,elsevier,
International_Journal_of_Advances_in_Engineering_Sciences_and_Applied_Mathematics,2,,347,springer,
Radiochemistry,1,,336,springer,
Progress_in_Surface_Science,1,,336,elsevier,
Solid_Fuel_Chemistry,1,,334,springer,
Biomedical_Engineering_Letters,2,,330,springer,
Nanotechnology_for_Environmental_Engineering,2,,328,springer,
Gold_Bulletin,1,,324,springer,
"Combustion,_Explosion,_and_Shock_Waves",1,,322,springer,
Regenerative_Engineering_and_Translational_Medicine,2,,318,springer,
Nano_Communication_Networks,1,,316,elsevier,
Refocus,2,,314,elsevier,
Bioprinting,2,,310,elsevier,
Journal_of_Ocean_Engineering_and_Marine_Energy,1,,305,springer,
Food_Structure,3,,304,elsevier,
Chemosensory_Perception,1,,303,springer,
The_Science_of_The_Total_Environment,1,,301,elsevier,
Integrating_Materials_and_Manufacturing_Innovation,1,,299,springer,
"Energy,_Ecology_and_Environment",1,,299,springer,
Current_Pollution_Reports,3,,281,springer,
Acoustics_Australia,2,,281,springer,
Journal_of_The_Institution_of_Engineers_(India):_Series_E,1,,274,springer,
Advances_in_Environmental_Research,2,,274,elsevier,
Computational_Toxicology,2,,271,elsevier,
Journal_of_Water_Chemistry_and_Technology,2,,262,springer,
"Optoelectronics,_Instrumentation_and_Data_Processing",2,,259,springer,
Progress_in_Solid_State_Chemistry,1,,251,elsevier,
Geology_of_Ore_Deposits,1,,250,springer,
Moscow_University_Chemistry_Bulletin,1,,249,springer,
Physical_Mesomechanics,1,,241,springer,
Doklady_Chemistry,1,,240,springer,
Surface_Science_Reports,1,,234,elsevier,
Lasers_in_Manufacturing_and_Materials_Processing,1,,231,springer,
Emission_Control_Science_and_Technology,1,,228,springer,
Chinese_Journal_of_Analytical_Chemistry,1,,228,elsevier,
Water_Conservation_Science_and_Engineering,2,,225,springer,
Comptes_Rendus_de_l'Académie_des_Sciences_-_Series_IIC_-_Chemistry,1,,218,elsevier,non-eng
Progress_in_Quantum_Electronics,1,,218,elsevier,
Journal_of_Engineering_Thermophysics,1,,217,springer,
Trends_in_Environmental_Analytical_Chemistry,1,,214,elsevier,
Biotribology,2,,214,elsevier,
BioChip_Journal,2,,211,springer,
Forensic_Imaging,2,,208,elsevier,
Nanotechnologies_in_Russia,1,,207,springer,
Catalysis_in_Industry,1,,207,springer,
Aerosol_Science_and_Engineering,1,,203,springer,
International_Journal_of_Self-Propagating_High-Temperature_Synthesis,1,,200,springer,
"Biochemistry_(Moscow),_Supplement_Series_A:_Membrane_and_Cell_Biology",2,,199,springer,
Journal_of_Superhard_Materials,1,,191,springer,
Petrology,1,,187,springer,
Physics_of_Wave_Phenomena,1,,187,springer,
Lithology_and_Mineral_Resources,1,,184,springer,
Theoretical_and_Computational_Fluid_Dynamics,2,,184,springer,
Journal_of_Contemporary_Physics_(Armenian_Academy_of_Sciences),1,,182,springer,
ChemTexts,1,,180,springer,
Progress_in_Crystal_Growth_and_Characterization_of_Materials,1,,180,elsevier,
Toxicology_and_Environmental_Health_Sciences,2,,170,springer,
Radioelectronics_and_Communications_Systems,1,,170,springer,
Sadhana,1,,167,springer,
"Biochemistry_(Moscow),_Supplement_Series_B:_Biomedical_Chemistry",2,,165,springer,
Nanostructured_Materials,1,,165,elsevier,
Kinematics_and_Physics_of_Celestial_Bodies,1,,156,springer,
Technology_and_Economics_of_Smart_Grids_and_Sustainable_Energy,1,,155,springer,
Mining_Science_and_Technology_(China),1,,155,elsevier,
Computational_and_Theoretical_Polymer_Science,2,,155,elsevier,
Journal_of_the_Chinese_Institute_of_Chemical_Engineers,1,,149,elsevier,
Current_Molecular_Biology_Reports,2,,148,springer,
Journal_of_Remanufacturing,1,,147,springer,
Doklady_Physical_Chemistry,1,,146,springer,
Reviews_of_Modern_Plasma_Physics,1,,134,springer,
Macromolecular_Research,1,,118,springer,
adhesion_ADHESIVES_+_SEALANTS,1,,116,springer,
Energy_and_Climate_Change,3,,114,elsevier,
Construction_Robotics,1,,113,springer,
Journal_of_Mass_Spectrometry_and_Advances_in_the_Clinical_Lab,1,,107,elsevier,
Artificial_Intelligence_in_Engineering,1,,104,elsevier,
EnergyChem,1,,102,elsevier,
Simulation_Practice_and_Theory,1,,100,elsevier,
Nuclear_and_Particle_Physics_Proceedings,1,,97,elsevier,
Upstream_Oil_and_Gas_Technology,1,,91,elsevier,
Fuel_Cells_Bulletin,1,,90,elsevier,
Drug_Discovery_Today:_TARGETS,2,,70,elsevier,
Focus_on_Catalysts,1,,66,elsevier,
Korea-Australia_Rheology_Journal,1,,64,springer,
Focus_on_Pigments,2,,64,elsevier,
China_Particuology,1,,60,elsevier,
Human_Factors_and_Mechanical_Engineering_for_Defense_and_Safety,2,,59,springer,
Drug_Discovery_Today:_BIOSILICO,2,,43,elsevier,
Mendeleev_Communications,1,,42,elsevier,
Journal_of_Membrane_Biology,2,,41,springer,